Feld,Inhalt
slogan,"Swing, Jazz und Salonmusik – mit Stil und ganz entspannt."
hero_zeile,Bigband · Live · Tanzbar
ueber_titel,Eine Bigband mit Salonflair
ueber_text,"Salon Nonchalant bringt den Glanz der Tanzsäle zurück auf die Bühne: Saxophone, Blech, Rhythmusgruppe und Streicher spielen Swing, Jazz und Salonmusik – elegant, verspielt und immer ein bisschen nonchalant.
Dieser Text ist ein Platzhalter. Erzählt hier, wer ihr seid, wie die Band entstanden ist und was ein Abend mit euch so besonders macht."
fakt1_zahl,20+
fakt1_text,Musikerinnen und Musiker
fakt2_zahl,5
fakt2_text,Register auf der Bühne
fakt3_zahl,100 %
fakt3_text,live gespielt
buchen_titel,Salon Nonchalant buchen
buchen_text,"Ob Ball, Stadtfest, Gala, Hochzeit oder Kulturabend: Wir bringen Swing in jeden Saal. Schreibt uns – wir melden uns schnell zurück."
email,kontakt@beispiel.de
telefon,
instagram,
facebook,
youtube,
impressum,"Angaben gemäß § 5 DDG
Name und Anschrift der verantwortlichen Person
Musterstraße 1
12345 Musterstadt
E-Mail: kontakt@beispiel.de
(Platzhalter – bitte vollständig ausfüllen)"
datenschutz,"Diese Website speichert keine Cookies und verwendet keine Analyse-Tools.
Termine und Texte werden aus einer Google-Tabelle geladen. Dabei wird Ihre IP-Adresse an Google übermittelt (Google Ireland Ltd., Gordon House, Barrow Street, Dublin 4, Irland). Rechtsgrundlage ist Art. 6 Abs. 1 lit. f DSGVO (berechtigtes Interesse an einer einfach pflegbaren Website).
Verantwortlich: siehe Impressum.
(Platzhalter – bitte rechtlich prüfen lassen)"
